environment,environment_label,stage,rpm,altitude_m,ambient_temp_c,sigma,cht_c,oil_temp_c,oil_pressure_psi,egt_c,fuel_flow_lph,vibration_g
standard_normal_altitude,"Standard day, normal cruise altitude",GROUND_IDLE,1400,300.0,13.05,0.9715,121.18,75.66,12.0,584.0,0.49,0.234
standard_normal_altitude,"Standard day, normal cruise altitude",TAXI,1800,300.0,13.05,0.9715,127.38,79.26,12.0,608.0,1.19,0.259
standard_normal_altitude,"Standard day, normal cruise altitude",TAKEOFF,5800,410.0,12.33,0.9612,189.25,114.91,45.81,760.0,25.48,0.5
standard_normal_altitude,"Standard day, normal cruise altitude",CLIMB,5200,1510.0,5.19,0.8629,177.84,106.01,49.08,764.0,19.42,0.544
standard_normal_altitude,"Standard day, normal cruise altitude",CRUISE_LOITER,4200,2500.0,-1.25,0.7811,160.33,93.8,50.6,764.0,10.15,0.424
standard_normal_altitude,"Standard day, normal cruise altitude",DESCENT,3000,960.0,8.76,0.911,144.77,87.97,12.0,680.0,3.3,0.331
standard_normal_altitude,"Standard day, normal cruise altitude",LANDING,2500,410.0,12.33,0.9612,138.04,85.21,12.0,650.0,2.2,0.301
standard_normal_altitude,"Standard day, normal cruise altitude",SHUTDOWN,800,300.0,13.05,0.9715,111.87,70.26,12.0,548.0,0.0,0.198
hot_normal_altitude,"Hot day (ISA+30), normal cruise altitude",GROUND_IDLE,1400,300.0,43.05,0.9715,136.18,93.66,12.0,584.0,0.49,0.234
hot_normal_altitude,"Hot day (ISA+30), normal cruise altitude",TAXI,1800,300.0,43.05,0.9715,142.38,97.26,12.0,608.0,1.19,0.259
hot_normal_altitude,"Hot day (ISA+30), normal cruise altitude",TAKEOFF,5800,410.0,42.33,0.9612,204.25,132.91,31.96,760.0,25.48,0.5
hot_normal_altitude,"Hot day (ISA+30), normal cruise altitude",CLIMB,5200,1510.0,35.19,0.8629,192.84,124.01,34.24,764.0,19.42,0.544
hot_normal_altitude,"Hot day (ISA+30), normal cruise altitude",CRUISE_LOITER,4200,2500.0,28.75,0.7811,175.33,111.8,35.3,764.0,10.15,0.424
hot_normal_altitude,"Hot day (ISA+30), normal cruise altitude",DESCENT,3000,960.0,38.76,0.911,159.77,105.97,12.0,680.0,3.3,0.331
hot_normal_altitude,"Hot day (ISA+30), normal cruise altitude",LANDING,2500,410.0,42.33,0.9612,153.04,103.21,12.0,650.0,2.2,0.301
hot_normal_altitude,"Hot day (ISA+30), normal cruise altitude",SHUTDOWN,800,300.0,43.05,0.9715,126.87,88.26,12.0,548.0,0.0,0.198
cold_normal_altitude,"Cold day (ISA-25), normal cruise altitude",GROUND_IDLE,1400,300.0,-11.95,0.9715,108.68,60.66,12.0,584.0,0.49,0.234
cold_normal_altitude,"Cold day (ISA-25), normal cruise altitude",TAXI,1800,300.0,-11.95,0.9715,114.88,64.26,12.0,608.0,1.19,0.259
cold_normal_altitude,"Cold day (ISA-25), normal cruise altitude",TAKEOFF,5800,410.0,-12.67,0.9612,176.75,99.91,61.84,760.0,25.48,0.5
cold_normal_altitude,"Cold day (ISA-25), normal cruise altitude",CLIMB,5200,1510.0,-19.81,0.8629,165.34,91.01,66.25,764.0,19.42,0.544
cold_normal_altitude,"Cold day (ISA-25), normal cruise altitude",CRUISE_LOITER,4200,2500.0,-26.25,0.7811,147.83,78.8,68.31,764.0,10.15,0.424
cold_normal_altitude,"Cold day (ISA-25), normal cruise altitude",DESCENT,3000,960.0,-16.24,0.911,132.27,72.97,12.0,680.0,3.3,0.331
cold_normal_altitude,"Cold day (ISA-25), normal cruise altitude",LANDING,2500,410.0,-12.67,0.9612,125.54,70.21,12.0,650.0,2.2,0.301
cold_normal_altitude,"Cold day (ISA-25), normal cruise altitude",SHUTDOWN,800,300.0,-11.95,0.9715,99.37,55.26,12.0,548.0,0.0,0.198
standard_high_altitude,"Standard day, high-altitude cruise",GROUND_IDLE,1400,300.0,13.05,0.9715,121.18,75.66,12.0,584.0,0.49,0.234
standard_high_altitude,"Standard day, high-altitude cruise",TAXI,1800,300.0,13.05,0.9715,127.38,79.26,12.0,608.0,1.19,0.259
standard_high_altitude,"Standard day, high-altitude cruise",TAKEOFF,5800,585.0,11.2,0.945,188.92,114.36,46.32,760.0,25.48,0.5
standard_high_altitude,"Standard day, high-altitude cruise",CLIMB,5200,3435.0000000000005,-7.33,0.7095,173.88,99.73,55.65,764.0,19.42,0.544
standard_high_altitude,"Standard day, high-altitude cruise",CRUISE_LOITER,4200,6000.0,-24.0,0.5385,152.59,82.09,63.96,764.0,10.15,0.424
standard_high_altitude,"Standard day, high-altitude cruise",DESCENT,3000,2010.0,1.94,0.8208,142.71,84.59,12.0,680.0,3.3,0.331
standard_high_altitude,"Standard day, high-altitude cruise",LANDING,2500,585.0,11.2,0.945,137.72,84.66,12.0,650.0,2.2,0.301
standard_high_altitude,"Standard day, high-altitude cruise",SHUTDOWN,800,300.0,13.05,0.9715,111.87,70.26,12.0,548.0,0.0,0.198
hot_high_altitude,"Hot day (ISA+30), high-altitude cruise",GROUND_IDLE,1400,300.0,43.05,0.9715,136.18,93.66,12.0,584.0,0.49,0.234
hot_high_altitude,"Hot day (ISA+30), high-altitude cruise",TAXI,1800,300.0,43.05,0.9715,142.38,97.26,12.0,608.0,1.19,0.259
hot_high_altitude,"Hot day (ISA+30), high-altitude cruise",TAKEOFF,5800,585.0,41.2,0.945,203.92,132.36,32.32,760.0,25.48,0.5
hot_high_altitude,"Hot day (ISA+30), high-altitude cruise",CLIMB,5200,3435.0000000000005,22.67,0.7095,188.88,117.73,38.82,764.0,19.42,0.544
hot_high_altitude,"Hot day (ISA+30), high-altitude cruise",CRUISE_LOITER,4200,6000.0,6.0,0.5385,167.59,100.09,44.62,764.0,10.15,0.424
hot_high_altitude,"Hot day (ISA+30), high-altitude cruise",DESCENT,3000,2010.0,31.94,0.8208,157.71,102.59,12.0,680.0,3.3,0.331
hot_high_altitude,"Hot day (ISA+30), high-altitude cruise",LANDING,2500,585.0,41.2,0.945,152.72,102.66,12.0,650.0,2.2,0.301
hot_high_altitude,"Hot day (ISA+30), high-altitude cruise",SHUTDOWN,800,300.0,43.05,0.9715,126.87,88.26,12.0,548.0,0.0,0.198
cold_high_altitude,"Cold day (ISA-25), high-altitude cruise",GROUND_IDLE,1400,300.0,-11.95,0.9715,108.68,60.66,12.0,584.0,0.49,0.234
cold_high_altitude,"Cold day (ISA-25), high-altitude cruise",TAXI,1800,300.0,-11.95,0.9715,114.88,64.26,12.0,608.0,1.19,0.259
cold_high_altitude,"Cold day (ISA-25), high-altitude cruise",TAKEOFF,5800,585.0,-13.8,0.945,176.42,99.36,62.53,760.0,25.48,0.5
cold_high_altitude,"Cold day (ISA-25), high-altitude cruise",CLIMB,5200,3435.0000000000005,-32.33,0.7095,161.38,84.73,75.12,764.0,19.42,0.544
cold_high_altitude,"Cold day (ISA-25), high-altitude cruise",CRUISE_LOITER,4200,6000.0,-49.0,0.5385,140.09,67.09,86.33,764.0,10.15,0.424
cold_high_altitude,"Cold day (ISA-25), high-altitude cruise",DESCENT,3000,2010.0,-23.06,0.8208,130.21,69.59,12.0,680.0,3.3,0.331
cold_high_altitude,"Cold day (ISA-25), high-altitude cruise",LANDING,2500,585.0,-13.8,0.945,125.22,69.66,12.0,650.0,2.2,0.301
cold_high_altitude,"Cold day (ISA-25), high-altitude cruise",SHUTDOWN,800,300.0,-11.95,0.9715,99.37,55.26,12.0,548.0,0.0,0.198
